{
	"Mercury": {
		"mass": 0.3285,
		"radius": 2439,
		"semiMajorAxis": 57909050,
		"farthestPoint": 69816900,
		"nearestPoint": 46001200,
		"eccentricity": 0.20563,
		"image": "mercury.jpeg" 
	},
	"Venus": {
		"mass": 4.867,
		"radius": 6051,
		"semiMajorAxis": 108208000,
		"farthestPoint": 108939000,
		"nearestPoint": 107477000,
		"eccentricity": 0.006772,
		"image": "venus.jpeg"
	},
	"Earth": {
		"mass": 5.972,
		"radius": 6371.0,
		"semiMajorAxis": 149598023,
		"farthestPoint": 152100000,
		"nearestPoint": 147095000,
		"eccentricity": 0.0167086,
		"image": "earth.jpeg"
	},
	"Mars": {
		"mass": 0.639,
		"radius": 3389.5,
		"semiMajorAxis": 227939200,
		"farthestPoint": 249200000,
		"nearestPoint": 206700000,
		"eccentricity": 0.0934,
		"image": "mars.webp"
	},
	"Jupiter": {
		"mass": 1898,
		"radius": 6991.1,
		"semiMajorAxis": 778570000,
		"farthestPoint": 816620000,
		"nearestPoint": 740520000,
		"eccentricity": 0.0489,
		"image": "jupiter.webp"
	},
	"Saturn": {
		"mass": 568,
		"radius": 60268,
		"semiMajorAxis": 1432070000,
		"farthestPoint": 1506520000,
		"nearestPoint": 1357620000,
		"eccentricity": 0.052,
		"image": "saturn.webp"
	},
	"Uranus": {
		"mass": 86.8,
		"radius": 25559,
		"semiMajorAxis": 2867000000,
		"farthestPoint": 3001400000,
		"nearestPoint": 2732700000,
		"eccentricity": 0.047,
		"image": "uranus.webp"
	}
}
